[{"education_id":"10","education_name":"No Schooling","qualification":[{"id":"708","name":"No Schooling"}]},{"education_id":"1","education_name":"5th","qualification":[{"id":"52","name":"5th"}]},{"education_id":"2","education_name":"8th","qualification":[{"id":"55","name":"8th"}]},{"education_id":"3","education_name":"10th","qualification":[{"id":"46","name":"10th "}]},{"education_id":"4","education_name":"12th","qualification":[{"id":"47","name":"12th"},{"id":"584","name":"12th  Medical"},{"id":"587","name":"12th Arts"},{"id":"586","name":"12th Commerce"},{"id":"585","name":"12th Non-Medical"}]},{"education_id":"5","education_name":"Diploma After 10th","qualification":[{"id":"14","name":"Diploma"},{"id":"588","name":"Diploma (after 10th)  Architecture"},{"id":"589","name":"Diploma (after 10th)  Art and Crafts"},{"id":"590","name":"Diploma (after 10th)  Automobile Engineering"},{"id":"591","name":"Diploma (after 10th)  Chemical"},{"id":"592","name":"Diploma (after 10th)  Civil"},{"id":"593","name":"Diploma (after 10th)  Computers"},{"id":"594","name":"Diploma (after 10th)  Education"},{"id":"596","name":"Diploma (after 10th)  Electrical"},{"id":"595","name":"Diploma (after 10th)  Electronics/Telecommunication"},{"id":"597","name":"Diploma (after 10th)  Engineering"},{"id":"598","name":"Diploma (after 10th)  Export/Import"},{"id":"599","name":"Diploma (after 10th)  Fashion Designing/Other Designing"},{"id":"617","name":"Diploma (after 10th)  Footwear Technology"},{"id":"619","name":"Diploma (after 10th)  Garment Technology"},{"id":"600","name":"Diploma (after 10th)  Graphic/Web Designing"},{"id":"601","name":"Diploma (after 10th)  Hotel Management"},{"id":"611","name":"Diploma (after 10th)  Information Technology"},{"id":"602","name":"Diploma (after 10th)  Insurance"},{"id":"616","name":"Diploma (after 10th)  Leather Technology"},{"id":"615","name":"Diploma (after 10th)  Library and Information Science"},{"id":"603","name":"Diploma (after 10th)  Management"},{"id":"621","name":"Diploma (after 10th)  Mechanical (RAC)"},{"id":"604","name":"Diploma (after 10th)  Mechnical"},{"id":"605","name":"Diploma (after 10th)  Medical lab technology"},{"id":"614","name":"Diploma (after 10th)  Modern Office Practice"},{"id":"606","name":"Diploma (after 10th)  Nursing"},{"id":"607","name":"Diploma (after 10th)  Pharmacy"},{"id":"618","name":"Diploma (after 10th)  Plastic Technology"},{"id":"620","name":"Diploma (after 10th)  Production and Industrial Engineering"},{"id":"613","name":"Diploma (after 10th)  Textile Design"},{"id":"612","name":"Diploma (after 10th)  Textile Technology"},{"id":"608","name":"Diploma (after 10th)  Tourism"},{"id":"609","name":"Diploma (after 10th)  Visual Arts"},{"id":"610","name":"Diploma (after 10th)  Vocational Course"}]},{"education_id":"6","education_name":"Diploma After 12th","qualification":[{"id":"673","name":"Diploma (after 12th)  Architecture"},{"id":"674","name":"Diploma (after 12th)  Art and Crafts"},{"id":"675","name":"Diploma (after 12th)  Automobile Engineering"},{"id":"676","name":"Diploma (after 12th)  Chemical"},{"id":"677","name":"Diploma (after 12th)  Civil"},{"id":"678","name":"Diploma (after 12th)  Computers"},{"id":"679","name":"Diploma (after 12th)  Education"},{"id":"681","name":"Diploma (after 12th)  Electrical"},{"id":"680","name":"Diploma (after 12th)  Electronics/Telecommunication"},{"id":"682","name":"Diploma (after 12th)  Engineering"},{"id":"683","name":"Diploma (after 12th)  Export/Import"},{"id":"684","name":"Diploma (after 12th)  Fashion Designing/Other Designing"},{"id":"702","name":"Diploma (after 12th)  Footwear Technology"},{"id":"704","name":"Diploma (after 12th)  Garment Technology"},{"id":"685","name":"Diploma (after 12th)  Graphic/Web Designing"},{"id":"686","name":"Diploma (after 12th)  Hotel Management"},{"id":"696","name":"Diploma (after 12th)  Information Technology"},{"id":"687","name":"Diploma (after 12th)  Insurance"},{"id":"701","name":"Diploma (after 12th)  Leather Technology"},{"id":"700","name":"Diploma (after 12th)  Library and Information Science"},{"id":"688","name":"Diploma (after 12th)  Management"},{"id":"706","name":"Diploma (after 12th)  Mechanical (RAC)"},{"id":"689","name":"Diploma (after 12th)  Mechnical"},{"id":"690","name":"Diploma (after 12th)  Medical lab technology"},{"id":"699","name":"Diploma (after 12th)  Modern Office Practice"},{"id":"691","name":"Diploma (after 12th)  Nursing"},{"id":"692","name":"Diploma (after 12th)  Pharmacy"},{"id":"703","name":"Diploma (after 12th)  Plastic Technology"},{"id":"705","name":"Diploma (after 12th)  Production and Industrial Engineering"},{"id":"698","name":"Diploma (after 12th)  Textile Design"},{"id":"697","name":"Diploma (after 12th)  Textile Technology"},{"id":"693","name":"Diploma (after 12th)  Tourism"},{"id":"694","name":"Diploma (after 12th)  Visual Arts"},{"id":"695","name":"Diploma (after 12th)  Vocational Course"}]},{"education_id":"11","education_name":"ITI","qualification":[{"id":"624","name":"ITI   Accounting"},{"id":"625","name":"ITI   Agriculture Machinery"},{"id":"626","name":"ITI   Apparel"},{"id":"627","name":"ITI   Architectural Assistant"},{"id":"622","name":"ITI   Fashion Designing"},{"id":"623","name":"ITI   Repair, Maintenance & overhauling of Tractors"},{"id":"628","name":"ITI  ARCHITECTURAL DRAUGHTSMANSHIP"},{"id":"632","name":"ITI  Art and Craft Teacher Training Trade"},{"id":"633","name":"ITI  Auto Electrical Electronics & Air-conditioning in"},{"id":"636","name":"ITI  Automobile"},{"id":"637","name":"ITI  Automobile Electronics"},{"id":"639","name":"ITI  Automotive Body Paint"},{"id":"641","name":"ITI  Automotive Body Repair"},{"id":"642","name":"ITI  Baker and Confectioner"},{"id":"644","name":"ITI  Basic Automotive Servicing (4 Wheelers)"},{"id":"645","name":"ITI  BASIC COSMETOLOGY"},{"id":"647","name":"ITI  Basic Electrical Training"},{"id":"648","name":"ITI  Basic Tractor Servicing"},{"id":"650","name":"ITI  Basic Welding (Arc)"},{"id":"652","name":"ITI  Basics of Beauty and Hair Dressing"},{"id":"653","name":"ITI  CAD / CAM"},{"id":"654","name":"ITI  Carpenter"},{"id":"655","name":"ITI  Central Air Conditioning Plant, Industrial Cooling"},{"id":"656","name":"ITI  CNC MACHINING"},{"id":"657","name":"ITI  Communication System"},{"id":"659","name":"ITI  Computer Hardware"},{"id":"661","name":"ITI  COMPUTER HARDWARE & NETWORK MAINTENANCE"},{"id":"663","name":"ITI  Computer Operator and Programming Assistant"},{"id":"665","name":"ITI  Consumer Electronics"},{"id":"667","name":"ITI  Craftsman Food Production (General)"},{"id":"669","name":"ITI  Craftsman Food Production (Vegetarian)"},{"id":"671","name":"ITI  DATA BASE SYSTEM ASSISTANT"},{"id":"629","name":"ITI  Mach Tractor"},{"id":"630","name":"ITI  MACHINIST"},{"id":"631","name":"ITI  Machinist (Grinder)"},{"id":"634","name":"ITI  MASON (BUILDING CONSTRUCTOR)"},{"id":"635","name":"ITI  Mech Diesel"},{"id":"638","name":"ITI  Mech. Agriculture Machinery"},{"id":"640","name":"ITI  Mech. Radio TV"},{"id":"643","name":"ITI  Mechanic (Motor Vehicle)"},{"id":"646","name":"ITI  Mechanic Auto Electrical and Electronics"},{"id":"651","name":"ITI  Mechanic Computer Hardware"},{"id":"658","name":"ITI  MECHANIC CONSUMER ELECTRONIC APPLIANCES"},{"id":"660","name":"ITI  Mechanic Diesel Engine"},{"id":"662","name":"ITI  Mechanic Industrial Electronics"},{"id":"664","name":"ITI  Mechanic Motor Vehicle"},{"id":"666","name":"ITI  Mechanic Tractor"},{"id":"668","name":"ITI  Meson (Building constructor)"},{"id":"670","name":"ITI  Milright Maintenance Mechanic"},{"id":"672","name":"ITI  MULTIMEDIA, ANIMATION & SPECIAL EFFECTS"}]},{"education_id":"7","education_name":"Graduate","qualification":[{"id":"252","name":"B.A. (Bachelor of Arts )Applied Psychology"},{"id":"253","name":"B.A. (Bachelor of Arts )Arabic"},{"id":"254","name":"B.A. (Bachelor of Arts )Bengali"},{"id":"255","name":"B.A. (Bachelor of Arts )Buddhist Studies"},{"id":"256","name":"B.A. (Bachelor of Arts )Communication"},{"id":"257","name":"B.A. (Bachelor of Arts )Comparitive Indian Literature"},{"id":"258","name":"B.A. (Bachelor of Arts )East Asian Studies"},{"id":"259","name":"B.A. (Bachelor of Arts )Economics"},{"id":"260","name":"B.A. (Bachelor of Arts )Education"},{"id":"261","name":"B.A. (Bachelor of Arts )English"},{"id":"262","name":"B.A. (Bachelor of Arts )Environmental Studies"},{"id":"263","name":"B.A. (Bachelor of Arts )Film"},{"id":"264","name":"B.A. (Bachelor of Arts )Fine Arts"},{"id":"265","name":"B.A. (Bachelor of Arts )French"},{"id":"266","name":"B.A. (Bachelor of Arts )General Qualification"},{"id":"267","name":"B.A. (Bachelor of Arts )Geography"},{"id":"268","name":"B.A. (Bachelor of Arts )German"},{"id":"269","name":"B.A. (Bachelor of Arts )Hindi"},{"id":"270","name":"B.A. (Bachelor of Arts )Hispanic"},{"id":"271","name":"B.A. (Bachelor of Arts )History"},{"id":"272","name":"B.A. (Bachelor of Arts )Home Science"},{"id":"273","name":"B.A. (Bachelor of Arts )Italian"},{"id":"274","name":"B.A. (Bachelor of Arts )Japanese"},{"id":"275","name":"B.A. (Bachelor of Arts )Jounalism"},{"id":"276","name":"B.A. (Bachelor of Arts )Karnataka Music"},{"id":"277","name":"B.A. (Bachelor of Arts )Life Long Learning & Extension"},{"id":"278","name":"B.A. (Bachelor of Arts )Linguistics"},{"id":"279","name":"B.A. (Bachelor of Arts )Maths"},{"id":"280","name":"B.A. (Bachelor of Arts )Pass Course"},{"id":"281","name":"B.A. (Bachelor of Arts )Persian"},{"id":"282","name":"B.A. (Bachelor of Arts )Philosophy"},{"id":"283","name":"B.A. (Bachelor of Arts )Political Science"},{"id":"284","name":"B.A. (Bachelor of Arts )Pr/Advertising"},{"id":"285","name":"B.A. (Bachelor of Arts )Psychology"},{"id":"286","name":"B.A. (Bachelor of Arts )Punjabi"},{"id":"287","name":"B.A. (Bachelor of Arts )Rural Development"},{"id":"288","name":"B.A. (Bachelor of Arts )Russian Studies"},{"id":"289","name":"B.A. (Bachelor of Arts )Sanskrit"},{"id":"290","name":"B.A. (Bachelor of Arts )Social Work"},{"id":"291","name":"B.A. (Bachelor of Arts )Socialogy"},{"id":"292","name":"B.A. (Bachelor of Arts )Statistics"},{"id":"293","name":"B.A. (Bachelor of Arts )Tamil"},{"id":"294","name":"B.A. (Bachelor of Arts )Urdu"},{"id":"295","name":"B.A. (Bachelor of Arts )Vocal/Instrumental"},{"id":"296","name":"B.A. (Bachelor of Arts )Vocational Course"},{"id":"1","name":"B.A. (other)"},{"id":"69","name":"B.A. B.Ed. (Bachelor Of Arts Bachelor Of Education)     "},{"id":"79","name":"B.A.M. (Bachelor of Applied Mathematics)        "},{"id":"80","name":"B.A.M.S. (Bachelor of Ayurveda, Medicine and Surgery)   "},{"id":"70","name":"B.Agri. (Bachelor of Agriculture)       "},{"id":"2","name":"B.Arch. (Bachelor of Architecture)"},{"id":"299","name":"B.B.A (Bachelor of Business Administration)Accounting"},{"id":"300","name":"B.B.A (Bachelor of Business Administration)Aviation"},{"id":"301","name":"B.B.A (Bachelor of Business Administration)Banking"},{"id":"302","name":"B.B.A (Bachelor of Business Administration)CSR"},{"id":"303","name":"B.B.A (Bachelor of Business Administration)Economics"},{"id":"304","name":"B.B.A (Bachelor of Business Administration)Energy Management"},{"id":"305","name":"B.B.A (Bachelor of Business Administration)Entrepreneurship"},{"id":"306","name":"B.B.A (Bachelor of Business Administration)Environment"},{"id":"307","name":"B.B.A (Bachelor of Business Administration)Fashion"},{"id":"308","name":"B.B.A (Bachelor of Business Administration)Finance"},{"id":"309","name":"B.B.A (Bachelor of Business Administration)Food and Wine"},{"id":"310","name":"B.B.A (Bachelor of Business Administration)Global"},{"id":"311","name":"B.B.A (Bachelor of Business Administration)Healthcare"},{"id":"312","name":"B.B.A (Bachelor of Business Administration)Hospitality"},{"id":"313","name":"B.B.A (Bachelor of Business Administration)HR"},{"id":"314","name":"B.B.A (Bachelor of Business Administration)Information Systems"},{"id":"315","name":"B.B.A (Bachelor of Business Administration)International"},{"id":"316","name":"B.B.A (Bachelor of Business Administration)International Business"},{"id":"317","name":"B.B.A (Bachelor of Business Administration)IT"},{"id":"318","name":"B.B.A (Bachelor of Business Administration)Leadership"},{"id":"319","name":"B.B.A (Bachelor of Business Administration)Logistics"},{"id":"320","name":"B.B.A (Bachelor of Business Administration)Luxury Business"},{"id":"321","name":"B.B.A (Bachelor of Business Administration)Management"},{"id":"322","name":"B.B.A (Bachelor of Business Administration)Marketing"},{"id":"323","name":"B.B.A (Bachelor of Business Administration)Media"},{"id":"324","name":"B.B.A (Bachelor of Business Administration)Oil,Gas,Energy"},{"id":"325","name":"B.B.A (Bachelor of Business Administration)Project Management"},{"id":"326","name":"B.B.A (Bachelor of Business Administration)Real Estate"},{"id":"327","name":"B.B.A (Bachelor of Business Administration)Retail Management"},{"id":"328","name":"B.B.A (Bachelor of Business Administration)Strategy"},{"id":"329","name":"B.B.A (Bachelor of Business Administration)Supply Chain"},{"id":"330","name":"B.B.A (Bachelor of Business Administration)Sustainability"},{"id":"331","name":"B.B.A (Bachelor of Business Administration)Technology Management"},{"id":"332","name":"B.B.A (Bachelor of Business Administration)Tourism"},{"id":"4","name":"B.B.A. (Bachelor of Business Administration)"},{"id":"81","name":"B.B.M. (Bachelor of Business Management)        "},{"id":"60","name":"B.B.S. (Bachelor of Business Studies)   "},{"id":"3","name":"B.C.A. (Bachelor of Computer Application)"},{"id":"83","name":"B.C.L. (Bachelor of Civil Laws) "},{"id":"71","name":"B.Ch.E. (Bachelor of Chemical Engineering)      "},{"id":"72","name":"B.Chem.Tech. (Bachelor of Chemical Technology)  "},{"id":"5","name":"B.Com. (Bachelor of Commerce)"},{"id":"7","name":"B.D.S. (Bachelor of Dental Surgery)"},{"id":"66","name":"B.Des. (Bachelor of Design)     "},{"id":"11","name":"B.E. (Bachelor of Engineering)"},{"id":"339","name":"B.E. (Bachelor of Engineering)Agriculture"},{"id":"340","name":"B.E. (Bachelor of Engineering)Automobile"},{"id":"341","name":"B.E. (Bachelor of Engineering)Aviation"},{"id":"342","name":"B.E. (Bachelor of Engineering)Bio-chemistry/Bio-technology"},{"id":"343","name":"B.E. (Bachelor of Engineering)Biomedical"},{"id":"344","name":"B.E. (Bachelor of Engineering)Ceramics"},{"id":"345","name":"B.E. (Bachelor of Engineering)Chemical"},{"id":"346","name":"B.E. (Bachelor of Engineering)Civil"},{"id":"347","name":"B.E. (Bachelor of Engineering)Computers"},{"id":"348","name":"B.E. (Bachelor of Engineering)Electrical"},{"id":"349","name":"B.E. (Bachelor of Engineering)Electronics/Telecommunication"},{"id":"350","name":"B.E. (Bachelor of Engineering)Energy"},{"id":"351","name":"B.E. (Bachelor of Engineering)Environmental"},{"id":"352","name":"B.E. (Bachelor of Engineering)Instrumentation"},{"id":"353","name":"B.E. (Bachelor of Engineering)Marine"},{"id":"354","name":"B.E. (Bachelor of Engineering)Mechanical"},{"id":"355","name":"B.E. (Bachelor of Engineering)Metallurgy"},{"id":"356","name":"B.E. (Bachelor of Engineering)Mineral"},{"id":"357","name":"B.E. (Bachelor of Engineering)Mining"},{"id":"358","name":"B.E. (Bachelor of Engineering)Nuclear"},{"id":"359","name":"B.E. (Bachelor of Engineering)Other Engineering"},{"id":"360","name":"B.E. (Bachelor of Engineering)Paint/Oil"},{"id":"361","name":"B.E. (Bachelor of Engineering)Petroleum"},{"id":"362","name":"B.E. (Bachelor of Engineering)Plastics"},{"id":"363","name":"B.E. (Bachelor of Engineering)Production/Industrial"},{"id":"364","name":"B.E. (Bachelor of Engineering)Textile"},{"id":"6","name":"B.Ed (Bachelor of Education)"},{"id":"85","name":"B.F.A. (Bachelor of Fine Arts)  "},{"id":"86","name":"B.F.Sc. (Bachelor of Fisheries Science) "},{"id":"87","name":"B.G.L. (Bachelor of General Law)        "},{"id":"8","name":"B.H.M. (Bachelor of Hotel Management)"},{"id":"61","name":"B.H.M.C.T. (Bachelor of Hotel Management Catering Technology)   "},{"id":"88","name":"B.H.M.S. (Bachelor of Homoeopathic Medicine and Surgery)        "},{"id":"62","name":"B.H.M.T.T. (Bachelor of Hotel Management, Travel and Tourism)   "},{"id":"64","name":"B.I.B.F. (Bachelor of International Business Finance)   "},{"id":"89","name":"B.J. (Bachelor of Journalism)   "},{"id":"58","name":"B.J.M.C (Bachelor of Journalism and Mass Communication) "},{"id":"90","name":"B.Lib.I.Sc. (Bachelor of Library and Information Science)       "},{"id":"91","name":"B.Lit. (Bachelor of Literature) "},{"id":"65","name":"B.M.M. (Bachelor of Mass Media) "},{"id":"92","name":"B.Mus. (Bachelor of Music)      "},{"id":"93","name":"B.Nat. (Ayu) Bachelor of Ayurved in Naturopathy "},{"id":"94","name":"B.Nat. (Yogic Sciences) Bachelor of Naturopathy (Yogic Sciences)        "},{"id":"95","name":"B.O.L. (Bachelor of Oriental Learning)  "},{"id":"96","name":"B.O.T. (Bachelor of Occupational Therapy)       "},{"id":"59","name":"B.Optom. (Bachelor in Clinical Optometry)       "},{"id":"97","name":"B.P.A. (Bachelor of Public Administration)      "},{"id":"98","name":"B.P.Ed. (Bachelor of Physical Education)        "},{"id":"100","name":"B.P.T. (Bachelor of Physiotherapy)      "},{"id":"9","name":"B.Pharma (Bachelor of Pharmacy)"},{"id":"67","name":"B.S.S. (Bachelor of Social Science)     "},{"id":"101","name":"B.S.W. (Bachelor of Social Work)        "},{"id":"211","name":"B.Sc  (Sericulture ) (Bachelor of Science in Sericulture)Science in Sericulture"},{"id":"171","name":"B.Sc (Bachelor of Science ) Agriculture"},{"id":"172","name":"B.Sc (Bachelor of Science )Animation"},{"id":"173","name":"B.Sc (Bachelor of Science )Anthropology"},{"id":"174","name":"B.Sc (Bachelor of Science )Bio-chemistry"},{"id":"175","name":"B.Sc (Bachelor of Science )Bioinformatics"},{"id":"176","name":"B.Sc (Bachelor of Science )Biology/Biomedical"},{"id":"177","name":"B.Sc (Bachelor of Science )Biotechnology"},{"id":"178","name":"B.Sc (Bachelor of Science )Botany"},{"id":"179","name":"B.Sc (Bachelor of Science )Chemical Technology"},{"id":"180","name":"B.Sc (Bachelor of Science )Chemistry"},{"id":"181","name":"B.Sc (Bachelor of Science )Computer Science"},{"id":"182","name":"B.Sc (Bachelor of Science )Dairy Technology"},{"id":"183","name":"B.Sc (Bachelor of Science )Economics"},{"id":"184","name":"B.Sc (Bachelor of Science )Electronics"},{"id":"185","name":"B.Sc (Bachelor of Science )Environmental Science"},{"id":"186","name":"B.Sc (Bachelor of Science )Exerciseand Sport Sciences"},{"id":"187","name":"B.Sc (Bachelor of Science )Fire and Safety"},{"id":"188","name":"B.Sc (Bachelor of Science )Food Technology"},{"id":"189","name":"B.Sc (Bachelor of Science )Forestry"},{"id":"190","name":"B.Sc (Bachelor of Science )General"},{"id":"191","name":"B.Sc (Bachelor of Science )Geography"},{"id":"192","name":"B.Sc (Bachelor of Science )Geology"},{"id":"193","name":"B.Sc (Bachelor of Science )Home Science"},{"id":"194","name":"B.Sc (Bachelor of Science )Horticulture"},{"id":"195","name":"B.Sc (Bachelor of Science )Hospital Management"},{"id":"196","name":"B.Sc (Bachelor of Science )Information Technology"},{"id":"197","name":"B.Sc (Bachelor of Science )Laboratory Technology"},{"id":"198","name":"B.Sc (Bachelor of Science )Library Science"},{"id":"199","name":"B.Sc (Bachelor of Science )Maths"},{"id":"200","name":"B.Sc (Bachelor of Science )Microbiology"},{"id":"201","name":"B.Sc (Bachelor of Science )Nursing"},{"id":"202","name":"B.Sc (Bachelor of Science )Nutrition and Dietetics"},{"id":"203","name":"B.Sc (Bachelor of Science )Physics"},{"id":"204","name":"B.Sc (Bachelor of Science )Physiology"},{"id":"205","name":"B.Sc (Bachelor of Science )Radiology"},{"id":"206","name":"B.Sc (Bachelor of Science )Radiotherapy Technology"},{"id":"207","name":"B.Sc (Bachelor of Science )Speech and Hearing"},{"id":"208","name":"B.Sc (Bachelor of Science )Statistics"},{"id":"209","name":"B.Sc (Bachelor of Science )Zoology"},{"id":"10","name":"B.Sc. (Bachelor of Science)"},{"id":"210","name":"B.Sc. (Nursing) (Bachelor of Science in Nursing )Science in Nursing"},{"id":"76","name":"B.Sc. (Sericulture) (Bachelor of Science in Sericulture)        "},{"id":"75","name":"B.Sc.(Nursing) (Bachelor of Science in Nursing) "},{"id":"77","name":"B.Stat. (Bachelor of Statistics)       "},{"id":"84","name":"B.Tech. (Bachelor of Technology)        "},{"id":"212","name":"B.Tech. (Bachelor of Technology)Aeronautical Engineering"},{"id":"213","name":"B.Tech. (Bachelor of Technology)Agriculture"},{"id":"214","name":"B.Tech. (Bachelor of Technology)Applied Electronics and Instrumentation"},{"id":"250","name":"B.Tech. (Bachelor of Technology)Arts & Humanities"},{"id":"215","name":"B.Tech. (Bachelor of Technology)Automobile Engineering"},{"id":"216","name":"B.Tech. (Bachelor of Technology)Bio Chemical Engineering"},{"id":"217","name":"B.Tech. (Bachelor of Technology)Bio Medical Engineering"},{"id":"218","name":"B.Tech. (Bachelor of Technology)Bio-Technology"},{"id":"219","name":"B.Tech. (Bachelor of Technology)Chemical & Alcohol Technology"},{"id":"220","name":"B.Tech. (Bachelor of Technology)Chemical Engineering"},{"id":"221","name":"B.Tech. (Bachelor of Technology)Civil Engineering"},{"id":"222","name":"B.Tech. (Bachelor of Technology)Computer Science"},{"id":"223","name":"B.Tech. (Bachelor of Technology)Electrical Engineering"},{"id":"224","name":"B.Tech. (Bachelor of Technology)Electronics and Communication"},{"id":"225","name":"B.Tech. (Bachelor of Technology)Electronics Engineering"},{"id":"226","name":"B.Tech. (Bachelor of Technology)Energy and Environmental Engineering"},{"id":"227","name":"B.Tech. (Bachelor of Technology)Environmental Engineering"},{"id":"228","name":"B.Tech. (Bachelor of Technology)Food Technology"},{"id":"229","name":"B.Tech. (Bachelor of Technology)Industrial Production Engg."},{"id":"230","name":"B.Tech. (Bachelor of Technology)Information Technology"},{"id":"232","name":"B.Tech. (Bachelor of Technology)Instrumentation Engineering"},{"id":"231","name":"B.Tech. (Bachelor of Technology)Instrumentation&Control"},{"id":"233","name":"B.Tech. (Bachelor of Technology)Leather Technology"},{"id":"234","name":"B.Tech. (Bachelor of Technology)Man Made Fiber Technology"},{"id":"235","name":"B.Tech. (Bachelor of Technology)Manufacturing Technology"},{"id":"236","name":"B.Tech. (Bachelor of Technology)Marine Engineering"},{"id":"237","name":"B.Tech. (Bachelor of Technology)Material& Metallugical Engineering"},{"id":"238","name":"B.Tech. (Bachelor of Technology)Mechanical & Industrial Engineering"},{"id":"239","name":"B.Tech. (Bachelor of Technology)Mechanical Engineering"},{"id":"240","name":"B.Tech. (Bachelor of Technology)Mechatronics Engineering"},{"id":"241","name":"B.Tech. (Bachelor of Technology)Medical Engineering"},{"id":"242","name":"B.Tech. (Bachelor of Technology)Metallurgical Engineering"},{"id":"243","name":"B.Tech. (Bachelor of Technology)Oil Technology"},{"id":"244","name":"B.Tech. (Bachelor of Technology)Paint Technology"},{"id":"245","name":"B.Tech. (Bachelor of Technology)Plastic Technology"},{"id":"247","name":"B.Tech. (Bachelor of Technology)Production & Industrial Engineering"},{"id":"246","name":"B.Tech. (Bachelor of Technology)Production Technology"},{"id":"248","name":"B.Tech. (Bachelor of Technology)Technology"},{"id":"249","name":"B.Tech. (Bachelor of Technology)Textile Engineering"},{"id":"68","name":"B.U.M.S. (Bachelor of Unani Medicine and Surgery)       "},{"id":"78","name":"B.V.Sc. & A.H. (Bachelor of Veterinary Science & Animal Husbandry)      "},{"id":"15","name":"B.V.Sc. (Bachelor of Veterinary Science)"},{"id":"82","name":"BCE (Bachelor of Civil Engineering )    "},{"id":"99","name":"BPS. (Bachelor of Professional Studies) "},{"id":"63","name":"BUTM    "},{"id":"28","name":"CA (Chartered Accountant)"},{"id":"12","name":"LL.B. (Bachelor of Laws)"},{"id":"13","name":"M.B.B.S. (Bachelor of Medicine and Bachelor of Surgery) "}]},{"education_id":"12","education_name":"PG Diploma","qualification":[{"id":"42","name":"PG Diploma (Post Graduate Diploma)"}]},{"education_id":"8","education_name":"Post Graduate ","qualification":[{"id":"124","name":"C.P.A. (Certified Public Accountant)    "},{"id":"29","name":"CS (Company Secretary)"},{"id":"30","name":"ICWA (Institute of Cost and Works Accountant)"},{"id":"31","name":"Integrated PG (Integrated Post Graduate)"},{"id":"32","name":"LL.M. (Master of Laws)  "},{"id":"709","name":"M.A Clinical Psychology"},{"id":"20","name":"M.A. (Master of Arts)(other)"},{"id":"365","name":"M.A. (Master of Arts)Anthropology"},{"id":"366","name":"M.A. (Master of Arts)Apparel Design"},{"id":"367","name":"M.A. (Master of Arts)Applied Psychology"},{"id":"368","name":"M.A. (Master of Arts)Arabic"},{"id":"369","name":"M.A. (Master of Arts)Arts & Humanities"},{"id":"370","name":"M.A. (Master of Arts)Bengali"},{"id":"371","name":"M.A. (Master of Arts)Buddhist Studies"},{"id":"372","name":"M.A. (Master of Arts)Communication"},{"id":"373","name":"M.A. (Master of Arts)Comparative Indian Literature"},{"id":"374","name":"M.A. (Master of Arts)Developmental Psychology"},{"id":"375","name":"M.A. (Master of Arts)East Asian Studies"},{"id":"376","name":"M.A. (Master of Arts)Economics"},{"id":"377","name":"M.A. (Master of Arts)Education"},{"id":"378","name":"M.A. (Master of Arts)English"},{"id":"379","name":"M.A. (Master of Arts)Environmental Studies"},{"id":"380","name":"M.A. (Master of Arts)Film"},{"id":"381","name":"M.A. (Master of Arts)Fine Arts"},{"id":"382","name":"M.A. (Master of Arts)French"},{"id":"383","name":"M.A. (Master of Arts)Geo-Technical"},{"id":"384","name":"M.A. (Master of Arts)Geography"},{"id":"385","name":"M.A. (Master of Arts)German"},{"id":"386","name":"M.A. (Master of Arts)Hindi"},{"id":"387","name":"M.A. (Master of Arts)Hispanic"},{"id":"388","name":"M.A. (Master of Arts)Historic Preservation Planning"},{"id":"389","name":"M.A. (Master of Arts)History"},{"id":"390","name":"M.A. (Master of Arts)Human Development And Family Studies"},{"id":"391","name":"M.A. (Master of Arts)Italian"},{"id":"392","name":"M.A. (Master of Arts)Japanese"},{"id":"393","name":"M.A. (Master of Arts)Journalism"},{"id":"394","name":"M.A. (Master of Arts)Karnataka Music"},{"id":"395","name":"M.A. (Master of Arts)Kokborak"},{"id":"396","name":"M.A. (Master of Arts)Life Long Learning & Extension"},{"id":"397","name":"M.A. (Master of Arts)Linguistics"},{"id":"398","name":"M.A. (Master of Arts)Maths"},{"id":"399","name":"M.A. (Master of Arts)Peace And Conflict Study"},{"id":"400","name":"M.A. (Master of Arts)Persian"},{"id":"401","name":"M.A. (Master of Arts)Philosophy"},{"id":"402","name":"M.A. (Master of Arts)Political Science"},{"id":"403","name":"M.A. (Master of Arts)Pr/ Advertising"},{"id":"404","name":"M.A. (Master of Arts)Psychology"},{"id":"405","name":"M.A. (Master of Arts)Punjabi"},{"id":"406","name":"M.A. (Master of Arts)Regional Science"},{"id":"407","name":"M.A. (Master of Arts)Russian Studies"},{"id":"408","name":"M.A. (Master of Arts)Sanskrit"},{"id":"409","name":"M.A. (Master of Arts)Social Science"},{"id":"410","name":"M.A. (Master of Arts)Social Work"},{"id":"411","name":"M.A. (Master of Arts)Sociology"},{"id":"412","name":"M.A. (Master of Arts)Statistics"},{"id":"413","name":"M.A. (Master of Arts)Tamil"},{"id":"414","name":"M.A. (Master of Arts)Urdu"},{"id":"415","name":"M.A. (Master of Arts)Vocal/Instrumental"},{"id":"121","name":"M.A.M.S. (Masters of Associated Medical Sciences)       "},{"id":"33","name":"M.Arch. (Master of Architecture)        "},{"id":"40","name":"M.C.A. (Master in Computer Application) "},{"id":"44","name":"M.C.M. (Master of Computer Management)  "},{"id":"34","name":"M.Com. (Master of Commerce)     "},{"id":"110","name":"M.D. (Doctor of Medicine)       "},{"id":"111","name":"M.D.S. (Master of Dental Surgery)       "},{"id":"103","name":"M.Dance (Master of Dance)       "},{"id":"16","name":"M.E. (Master of Engineering) "},{"id":"562","name":"M.E. (Master of Engineering)Aerospace Engineering"},{"id":"563","name":"M.E. (Master of Engineering)Biological & Environmental Engineering"},{"id":"564","name":"M.E. (Master of Engineering)Biomedical Engineering"},{"id":"565","name":"M.E. (Master of Engineering)Chemical Engineering"},{"id":"566","name":"M.E. (Master of Engineering)Civil & Environmental Engineering"},{"id":"567","name":"M.E. (Master of Engineering)Computer Science"},{"id":"568","name":"M.E. (Master of Engineering)Electrical & Computer Engineering"},{"id":"569","name":"M.E. (Master of Engineering)Engineering Management"},{"id":"570","name":"M.E. (Master of Engineering)Engineering Mechanics"},{"id":"571","name":"M.E. (Master of Engineering)Engineering Physics"},{"id":"572","name":"M.E. (Master of Engineering)Geological Science"},{"id":"573","name":"M.E. (Master of Engineering)Material Science & Engineering"},{"id":"561","name":"M.E. (Master of Engineering)Mechnical Engineering"},{"id":"574","name":"M.E. (Master of Engineering)Operation Research & Information Engineering"},{"id":"575","name":"M.E. (Master of Engineering)System Engineering"},{"id":"35","name":"M.Ed. (Master of Education)     "},{"id":"21","name":"M.F.A. (Master of Fine Arts)"},{"id":"125","name":"M.F.M. (Master of Financial Management)         "},{"id":"112","name":"M.F.Sc. (Master of Fisheries Science)   "},{"id":"126","name":"M.F.T. (Master of Fashion Technology)   "},{"id":"26","name":"M.H.A. (Master of Health Administration)"},{"id":"113","name":"M.H.M.S. (Master of Homeopathic Medicine and Surgery)   "},{"id":"127","name":"M.H.R.D. (Master of Human Resource Development) "},{"id":"128","name":"M.I.B. (Master of International Business)       "},{"id":"24","name":"M.I.L.R. (Master of Industrial and Labor Relations)"},{"id":"114","name":"M.J. (Master of Journalism)     "},{"id":"115","name":"M.L. (Master of Laws)   "},{"id":"23","name":"M.L.A. (Master of Landscape Architecture)"},{"id":"116","name":"M.L.I.Sc. (Master of Library and Information Science)   "},{"id":"104","name":"M.Lib.Sc. (Master of Library and Information Science)   "},{"id":"105","name":"M.Lit. (Master of Literature)   "},{"id":"106","name":"M.Mus. (Master of Music)        "},{"id":"117","name":"M.O.L. (Master of Oriental Learning)    "},{"id":"129","name":"M.Optom. (Master in Clinical Optometry) "},{"id":"27","name":"M.P.A. (Master of Public Administration)"},{"id":"118","name":"M.P.Ed. (Master of Physical Education)  "},{"id":"119","name":"M.P.T. (Master of Physiotherapy)        "},{"id":"36","name":"M.Pharma (Master of Pharmacy)   "},{"id":"107","name":"M.Phil. (Master of Philosophy)  "},{"id":"108","name":"M.Plan. (Masters of Planning)   "},{"id":"120","name":"M.R.M.D. (Master in Rural Management and Development)   "},{"id":"22","name":"M.R.P. (Material Requirements Planning)"},{"id":"122","name":"M.S.W. (Master of Social Work)  "},{"id":"37","name":"M.Sc. (Master of Science)       "},{"id":"447","name":"M.Sc. (Master of Science)Agriculture"},{"id":"448","name":"M.Sc. (Master of Science)Anthropology"},{"id":"449","name":"M.Sc. (Master of Science)Audiology"},{"id":"450","name":"M.Sc. (Master of Science)Bio-chemistry"},{"id":"451","name":"M.Sc. (Master of Science)Biology"},{"id":"452","name":"M.Sc. (Master of Science)Botany"},{"id":"453","name":"M.Sc. (Master of Science)Chemistry"},{"id":"454","name":"M.Sc. (Master of Science)Computers"},{"id":"455","name":"M.Sc. (Master of Science)Dairy Technology"},{"id":"456","name":"M.Sc. (Master of Science)Electronics"},{"id":"457","name":"M.Sc. (Master of Science)Environmental Science"},{"id":"458","name":"M.Sc. (Master of Science)Food Technology"},{"id":"459","name":"M.Sc. (Master of Science)Forestry & Bio Diversity"},{"id":"460","name":"M.Sc. (Master of Science)Geology"},{"id":"461","name":"M.Sc. (Master of Science)Geophysics"},{"id":"462","name":"M.Sc. (Master of Science)Home Science"},{"id":"446","name":"M.Sc. (Master of Science)Human-environment Relations"},{"id":"463","name":"M.Sc. (Master of Science)Information technology"},{"id":"464","name":"M.Sc. (Master of Science)Maths"},{"id":"465","name":"M.Sc. (Master of Science)Microbiology"},{"id":"466","name":"M.Sc. (Master of Science)Nursing"},{"id":"467","name":"M.Sc. (Master of Science)Physics"},{"id":"468","name":"M.Sc. (Master of Science)Speech and Hearing"},{"id":"469","name":"M.Sc. (Master of Science)Speech Language Pathology"},{"id":"470","name":"M.Sc. (Master of Science)Statistics"},{"id":"471","name":"M.Sc. (Master of Science)Zoology"},{"id":"109","name":"M.Stat. (Master of Statistics)  "},{"id":"472","name":"M.Stat. (Master of Statistics)Statistics"},{"id":"38","name":"M.Tech. (Master of Technology)  "},{"id":"473","name":"M.Tech. (Master of Technology)Advanced Thermal Power & Energy Systems"},{"id":"474","name":"M.Tech. (Master of Technology)Aeronautical Engineering"},{"id":"475","name":"M.Tech. (Master of Technology)Agriculture"},{"id":"476","name":"M.Tech. (Master of Technology)Astronomy & Space"},{"id":"477","name":"M.Tech. (Master of Technology)Automobile"},{"id":"478","name":"M.Tech. (Master of Technology)Aviation"},{"id":"479","name":"M.Tech. (Master of Technology)Bio-chemistry/Bio-technology"},{"id":"480","name":"M.Tech. (Master of Technology)Bioinformatics"},{"id":"481","name":"M.Tech. (Master of Technology)Biomedical"},{"id":"482","name":"M.Tech. (Master of Technology)Ceramics"},{"id":"483","name":"M.Tech. (Master of Technology)Chemical"},{"id":"484","name":"M.Tech. (Master of Technology)Civil"},{"id":"485","name":"M.Tech. (Master of Technology)Computer Aided Mechanical Design & Analysis"},{"id":"486","name":"M.Tech. (Master of Technology)Computer Science & Information Security"},{"id":"487","name":"M.Tech. (Master of Technology)Computers"},{"id":"488","name":"M.Tech. (Master of Technology)Construction Engineering & Management"},{"id":"489","name":"M.Tech. (Master of Technology)Control Systems"},{"id":"490","name":"M.Tech. (Master of Technology)Digital Electronics & Advanced Commnication"},{"id":"491","name":"M.Tech. (Master of Technology)Electrical"},{"id":"492","name":"M.Tech. (Master of Technology)Electronics/Telecomunication"},{"id":"493","name":"M.Tech. (Master of Technology)Energy"},{"id":"494","name":"M.Tech. (Master of Technology)Energy Management Auditing & Lighting"},{"id":"495","name":"M.Tech. (Master of Technology)Engineering Management"},{"id":"496","name":"M.Tech. (Master of Technology)Environmental"},{"id":"497","name":"M.Tech. (Master of Technology)Industrial Automation & Robotics"},{"id":"498","name":"M.Tech. (Master of Technology)Industrial Biotechnology"},{"id":"499","name":"M.Tech. (Master of Technology)Industrial Pollution & Control"},{"id":"500","name":"M.Tech. (Master of Technology)Instrumentation"},{"id":"501","name":"M.Tech. (Master of Technology)Manufacturing Engineering & Technology"},{"id":"502","name":"M.Tech. (Master of Technology)Marine"},{"id":"503","name":"M.Tech. (Master of Technology)Mechanical"},{"id":"504","name":"M.Tech. (Master of Technology)Metallurgy"},{"id":"505","name":"M.Tech. (Master of Technology)Microelectronics"},{"id":"506","name":"M.Tech. (Master of Technology)Mineral"},{"id":"507","name":"M.Tech. (Master of Technology)Mining"},{"id":"509","name":"M.Tech. (Master of Technology)Network"},{"id":"510","name":"M.Tech. (Master of Technology)Nuclear"},{"id":"511","name":"M.Tech. (Master of Technology)Other Engineering"},{"id":"512","name":"M.Tech. (Master of Technology)Paint/Oil"},{"id":"513","name":"M.Tech. (Master of Technology)Petroleum"},{"id":"514","name":"M.Tech. (Master of Technology)Plastics"},{"id":"515","name":"M.Tech. (Master of Technology)Power Electronic Systems & Control"},{"id":"516","name":"M.Tech. (Master of Technology)Printing & Media Technology"},{"id":"517","name":"M.Tech. (Master of Technology)Production/Industrial"},{"id":"518","name":"M.Tech. (Master of Technology)Software"},{"id":"519","name":"M.Tech. (Master of Technology)Structural"},{"id":"520","name":"M.Tech. (Master of Technology)Textile"},{"id":"43","name":"M.V.Sc. (Master of Veterinary Science)  "},{"id":"521","name":"MBA/PGDM (Master of Business Administration/Post Graduate Diploma   in Management)Accounting"},{"id":"522","name":"MBA/PGDM (Master of Business Administration/Post Graduate Diploma   in Management)Advertising/Mass Communication"},{"id":"523","name":"MBA/PGDM (Master of Business Administration/Post Graduate Diploma   in Management)Aviation"},{"id":"524","name":"MBA/PGDM (Master of Business Administration/Post Graduate Diploma   in Management)Banking"},{"id":"525","name":"MBA/PGDM (Master of Business Administration/Post Graduate Diploma   in Management)CSR"},{"id":"526","name":"MBA/PGDM (Master of Business Administration/Post Graduate Diploma   in Management)Economics"},{"id":"527","name":"MBA/PGDM (Master of Business Administration/Post Graduate Diploma   in Management)Energy Management"},{"id":"528","name":"MBA/PGDM (Master of Business Administration/Post Graduate Diploma   in Management)Entrepreneurship"},{"id":"529","name":"MBA/PGDM (Master of Business Administration/Post Graduate Diploma   in Management)Environment"},{"id":"530","name":"MBA/PGDM (Master of Business Administration/Post Graduate Diploma   in Management)Fashion"},{"id":"531","name":"MBA/PGDM (Master of Business Administration/Post Graduate Diploma   in Management)Finance"},{"id":"532","name":"MBA/PGDM (Master of Business Administration/Post Graduate Diploma   in Management)Food and Wine"},{"id":"533","name":"MBA/PGDM (Master of Business Administration/Post Graduate Diploma   in Management)Global"},{"id":"534","name":"MBA/PGDM (Master of Business Administration/Post Graduate Diploma   in Management)Healthcare"},{"id":"535","name":"MBA/PGDM (Master of Business Administration/Post Graduate Diploma   in Management)Hospitality"},{"id":"536","name":"MBA/PGDM (Master of Business Administration/Post Graduate Diploma   in Management)Hr/Industrial Relations"},{"id":"537","name":"MBA/PGDM (Master of Business Administration/Post Graduate Diploma   in Management)Information Systems"},{"id":"538","name":"MBA/PGDM (Master of Business Administration/Post Graduate Diploma   in Management)Information Technology"},{"id":"540","name":"MBA/PGDM (Master of Business Administration/Post Graduate Diploma   in Management)International"},{"id":"541","name":"MBA/PGDM (Master of Business Administration/Post Graduate Diploma   in Management)International Business"},{"id":"542","name":"MBA/PGDM (Master of Business Administration/Post Graduate Diploma   in Management)Leadership"},{"id":"543","name":"MBA/PGDM (Master of Business Administration/Post Graduate Diploma   in Management)Logistics"},{"id":"544","name":"MBA/PGDM (Master of Business Administration/Post Graduate Diploma   in Management)Luxury Business"},{"id":"545","name":"MBA/PGDM (Master of Business Administration/Post Graduate Diploma   in Management)Management"},{"id":"546","name":"MBA/PGDM (Master of Business Administration/Post Graduate Diploma   in Management)Marketing"},{"id":"547","name":"MBA/PGDM (Master of Business Administration/Post Graduate Diploma   in Management)Media"},{"id":"548","name":"MBA/PGDM (Master of Business Administration/Post Graduate Diploma   in Management)Oil,Gas,Energy"},{"id":"549","name":"MBA/PGDM (Master of Business Administration/Post Graduate Diploma   in Management)Operations"},{"id":"550","name":"MBA/PGDM (Master of Business Administration/Post Graduate Diploma   in Management)Other Management"},{"id":"551","name":"MBA/PGDM (Master of Business Administration/Post Graduate Diploma   in Management)Project Management"},{"id":"552","name":"MBA/PGDM (Master of Business Administration/Post Graduate Diploma   in Management)Real Estate"},{"id":"553","name":"MBA/PGDM (Master of Business Administration/Post Graduate Diploma   in Management)Retail Management"},{"id":"554","name":"MBA/PGDM (Master of Business Administration/Post Graduate Diploma   in Management)Rural Development"},{"id":"555","name":"MBA/PGDM (Master of Business Administration/Post Graduate Diploma   in Management)Strategy"},{"id":"556","name":"MBA/PGDM (Master of Business Administration/Post Graduate Diploma   in Management)Supply Chain"},{"id":"557","name":"MBA/PGDM (Master of Business Administration/Post Graduate Diploma   in Management)Sustainability"},{"id":"558","name":"MBA/PGDM (Master of Business Administration/Post Graduate Diploma   in Management)Systems"},{"id":"559","name":"MBA/PGDM (Master of Business Administration/Post Graduate Diploma   in Management)Technology Management"},{"id":"560","name":"MBA/PGDM (Master of Business Administration/Post Graduate Diploma   in Management)Tourism"},{"id":"39","name":"MBA/PGDM (Master of Business Administration/Post Graduate Diploma in Management)"},{"id":"18","name":"MPS (Master of Arts in Political Science)"},{"id":"576","name":"MPS (Master of Arts in Political Science) Agriculture And Life Science"},{"id":"577","name":"MPS (Master of Arts in Political Science) Applied Statistics"},{"id":"578","name":"MPS (Master of Arts in Political Science) Human Ecology"},{"id":"579","name":"MPS (Master of Arts in Political Science) Human Resources"},{"id":"580","name":"MPS (Master of Arts in Political Science) Industrial And Labor Relations"},{"id":"581","name":"MPS (Master of Arts in Political Science) Information Science"},{"id":"582","name":"MPS (Master of Arts in Political Science) Landscape Architecture"},{"id":"583","name":"MPS (Master of Arts in Political Science) Real Estate"},{"id":"19","name":"MS (Master of Science)"},{"id":"41","name":"MS (Master of Science)  "},{"id":"416","name":"MS (Master of Science)Animal Science"},{"id":"417","name":"MS (Master of Science)Applied Economics And Management"},{"id":"418","name":"MS (Master of Science)Applied Physics"},{"id":"419","name":"MS (Master of Science)Architectural Science"},{"id":"420","name":"MS (Master of Science)Atmospheric Science"},{"id":"421","name":"MS (Master of Science)Biological And Environmental Engineering"},{"id":"422","name":"MS (Master of Science)Biomedical Engineering"},{"id":"423","name":"MS (Master of Science)Chemical Engineering"},{"id":"424","name":"MS (Master of Science)Civil And Environmental Engineering"},{"id":"425","name":"MS (Master of Science)Development Sociology"},{"id":"426","name":"MS (Master of Science)Ecology"},{"id":"427","name":"MS (Master of Science)Education"},{"id":"428","name":"MS (Master of Science)Entomology"},{"id":"429","name":"MS (Master of Science)Environmental Toxicology"},{"id":"430","name":"MS (Master of Science)Evolutionary Biology"},{"id":"431","name":"MS (Master of Science)Fiber Science"},{"id":"432","name":"MS (Master of Science)Food Science And Technology"},{"id":"433","name":"MS (Master of Science)Geological Sciences"},{"id":"434","name":"MS (Master of Science)Horticultural Biology"},{"id":"435","name":"MS (Master of Science)Horticultural Crop And Landscape Management"},{"id":"436","name":"MS (Master of Science)Hospitality Management"},{"id":"437","name":"MS (Master of Science)Industrial And Labor Relations"},{"id":"438","name":"MS (Master of Science)Information Systems"},{"id":"439","name":"MS (Master of Science)Materials Science And Engineering"},{"id":"440","name":"MS (Master of Science)Mathematics"},{"id":"441","name":"MS (Master of Science)Natural Resources"},{"id":"442","name":"MS (Master of Science)Plant Breeding"},{"id":"443","name":"MS (Master of Science)Plant Pathology"},{"id":"444","name":"MS (Master of Science)Regional Science"},{"id":"445","name":"MS (Master of Science)Soil And Crop Sciences"},{"id":"123","name":"MUMS    "}]},{"education_id":"13","education_name":"M Phill","qualification":[{"id":"707","name":"M Phil"}]},{"education_id":"9","education_name":"Phd","qualification":[{"id":"25","name":"J.S.D. (Doctor of Juridical Science)"},{"id":"17","name":"Ph.D. (Doctorate of Philosophy)"}]}]